Model,Accuracy,Weighted F1
Logistic Regression,0.2727272727272727,0.29008258594984043
BERT,0.24475524475524477,0.09625206254419738
