{"f1_score": 0.29008, "accuracy": 0.27273}